--
-- Script was generated by Devart dbForge Studio 2019 for SQL Server, Version 5.8.107.0
-- Product Home Page: http://www.devart.com/dbforge/sql/studio
-- Script date 13/11/2021 1:52:28 CH
-- Target server version: 12.0.2269.0
-- Target connection string: Data Source=LAPTOP-JEMPT9HM\SQLEXPRESS;Encrypt=False;Initial Catalog=ADB1_N13_DATH#01;Integrated Security=True;User ID=LAPTOP-JEMPT9HM\THUTHAO
-- Please backup your target database before running this script
--




GO

USE ADB1_N13_DATH#01
GO

--
-- Inserting data into table dbo.KHACHHANG
--
INSERT dbo.KHACHHANG(MaKH, Ho, Ten, NgSinh, SoNha, Duong, Phuong, Quan, Tpho, DienThoai) VALUES (N'KH816952', N'Khu', N'Hạnh', '2001-02-18', '233', N'Thạch Thị Thanh', N'Nguyễn Cư Trinh', N'Thanh Trì', N'TPHCM', '0649587591')
INSERT dbo.KHACHHANG(MaKH, Ho, Ten, NgSinh, SoNha, Duong, Phuong, Quan, Tpho, DienThoai) VALUES (N'KH601692', N'Tạ', N'Lan', '1978-06-24', '68/23', N'Phùng Khắc Khoan', N'Hàng Bông', N'11', N'TPHCM', '0829812854')
INSERT dbo.KHACHHANG(MaKH, Ho, Ten, NgSinh, SoNha, Duong, Phuong, Quan, Tpho, DienThoai) VALUES (N'KH679030', N'Lương', N'Nghi', '1992-07-12', '4/65', N'Phạm Ngọc Thạch	', N'4', N'Tây Hồ', N'TPHCM', '0336651827')
INSERT dbo.KHACHHANG(MaKH, Ho, Ten, NgSinh, SoNha, Duong, Phuong, Quan, Tpho, DienThoai) VALUES (N'KH939275', N'Trà', N'Xuân', '1978-05-20', '759', N'Phan Văn Đạt', N'6', N'Hóc Môn', N'TPHCM', '0128211343')
INSERT dbo.KHACHHANG(MaKH, Ho, Ten, NgSinh, SoNha, Duong, Phuong, Quan, Tpho, DienThoai) VALUES (N'KH031201', N'Khuất', N'Vy', '1988-06-14', '2/3', N'Trương Định', N'12', N'Gia Lâm', N'TPHCM', '0355493773')
INSERT dbo.KHACHHANG(MaKH, Ho, Ten, NgSinh, SoNha, Duong, Phuong, Quan, Tpho, DienThoai) VALUES (N'KH513439', N'Tào', N'Phụng', '1985-02-21', '77', N'Phạm Ngũ Lão	', N'1', N'Ba Đình', N'TPHCM', '0313127152')
INSERT dbo.KHACHHANG(MaKH, Ho, Ten, NgSinh, SoNha, Duong, Phuong, Quan, Tpho, DienThoai) VALUES (N'KH833677', N'Trần', N'Quyên', '1993-11-12', '994', N'Chu Mạnh Chinh	', N'Nguyễn Thái Bình', N'Hoàng Mai', N'TPHCM', '0726934627')
INSERT dbo.KHACHHANG(MaKH, Ho, Ten, NgSinh, SoNha, Duong, Phuong, Quan, Tpho, DienThoai) VALUES (N'KH746538', N'Bạc', N'Kiệt', '1984-03-18', '727', N'Nguyễn Thị Lựu	', N'Lý Thái Tổ', N'Đông Anh', N'TPHCM', '0953799948')
INSERT dbo.KHACHHANG(MaKH, Ho, Ten, NgSinh, SoNha, Duong, Phuong, Quan, Tpho, DienThoai) VALUES (N'KH593043', N'Lưu', N'Hà', '1971-06-17', '67/28', N'Võ Văn Kiệt', N'Phúc Tân', N'2', N'TPHCM', '0458523139')
INSERT dbo.KHACHHANG(MaKH, Ho, Ten, NgSinh, SoNha, Duong, Phuong, Quan, Tpho, DienThoai) VALUES (N'KH195747', N'Cù', N'Ngọc', '1970-10-21', '2514', N'Nguyễn Hữu Cảnh	', N'Cầu Ông Lãnh', N'7', N'TPHCM', '0648876938')
INSERT dbo.KHACHHANG(MaKH, Ho, Ten, NgSinh, SoNha, Duong, Phuong, Quan, Tpho, DienThoai) VALUES (N'KH239456', N'Điền', N'Khoa', '1996-04-24', '4671', N'Cách Mạng Tháng 8	', N'2', N'Cần Giờ', N'TPHCM', '0154192667')
INSERT dbo.KHACHHANG(MaKH, Ho, Ten, NgSinh, SoNha, Duong, Phuong, Quan, Tpho, DienThoai) VALUES (N'KH071524', N'Bạch', N'Oanh', '1986-01-05', '57/52', N'Trần Hưng Đạo', N'Bến Nghé', N'Ba Vì', N'TPHCM', '0724977149')
INSERT dbo.KHACHHANG(MaKH, Ho, Ten, NgSinh, SoNha, Duong, Phuong, Quan, Tpho, DienThoai) VALUES (N'KH448640', N'Hứa', N'Phượng', '1985-10-09', '311', N'Cáo Bá Quát	', N'Trần Hưng Ðạo', N'Hoàn Kiếm', N'TPHCM', '0775771328')
INSERT dbo.KHACHHANG(MaKH, Ho, Ten, NgSinh, SoNha, Duong, Phuong, Quan, Tpho, DienThoai) VALUES (N'KH327864', N'Khúc', N'Toàn', '1970-01-06', '36/29', N'Thi Sách', N'10', N'Nhà Bè', N'TPHCM', '0981633794')
INSERT dbo.KHACHHANG(MaKH, Ho, Ten, NgSinh, SoNha, Duong, Phuong, Quan, Tpho, DienThoai) VALUES (N'KH807307', N'Hồ', N'Triết', '1990-06-16', '7524', N'Lê Lợi	', N'7', N'Phúc Thọ', N'TPHCM', '0869778192')
INSERT dbo.KHACHHANG(MaKH, Ho, Ten, NgSinh, SoNha, Duong, Phuong, Quan, Tpho, DienThoai) VALUES (N'KH991497', N'Mã', N'Khôi', '1997-03-28', '938', N'Lê Duẩn	', N'Cô Giang', N'Phú Nhuận', N'TPHCM', '0198232965')
INSERT dbo.KHACHHANG(MaKH, Ho, Ten, NgSinh, SoNha, Duong, Phuong, Quan, Tpho, DienThoai) VALUES (N'KH278687', N'Lê', N'Doanh', '1971-05-27', '6781', N'Đề Thám	', N'Hàng Ðào', N'Long Biên', N'TPHCM', '0638749813')
INSERT dbo.KHACHHANG(MaKH, Ho, Ten, NgSinh, SoNha, Duong, Phuong, Quan, Tpho, DienThoai) VALUES (N'KH946298', N'Đinh', N'Huyền', '1990-08-01', '92', N'Nguyễn Thành Ý	', N'Bến Thành', N'Thủ Đức', N'TPHCM', '0177868678')
INSERT dbo.KHACHHANG(MaKH, Ho, Ten, NgSinh, SoNha, Duong, Phuong, Quan, Tpho, DienThoai) VALUES (N'KH517249', N'Kiều', N'Nhi	', '1975-01-04', '94/13', N'Nguyễn Thái Bình	', N'Ða Kao', N'Bình Thạnh', N'TPHCM', '0557239667')
INSERT dbo.KHACHHANG(MaKH, Ho, Ten, NgSinh, SoNha, Duong, Phuong, Quan, Tpho, DienThoai) VALUES (N'KH358039', N'Triệu', N'Ân', '1997-10-21', '816', N'Thái Văn Lung', N'3', N'10', N'TPHCM', '0287368158')
INSERT dbo.KHACHHANG(MaKH, Ho, Ten, NgSinh, SoNha, Duong, Phuong, Quan, Tpho, DienThoai) VALUES (N'KH963012', N'Ca', N'Cương', '1974-05-06', '683', N'Phan Ngữ', N'Phan Chu Trinh', N'12', N'TPHCM', '0796523598')
INSERT dbo.KHACHHANG(MaKH, Ho, Ten, NgSinh, SoNha, Duong, Phuong, Quan, Tpho, DienThoai) VALUES (N'KH000808', N'Bàng', N'Khánh', '1977-11-22', '968', N'Cô Giang 	', N'Hàng Gai', N'Đan Phượng', N'TPHCM', '0697878779')
INSERT dbo.KHACHHANG(MaKH, Ho, Ten, NgSinh, SoNha, Duong, Phuong, Quan, Tpho, DienThoai) VALUES (N'KH579153', N'Cam', N'Mi', '1981-03-15', '63/99', N'Mạc Đĩnh Chi	', N'Tràng Tiền', N'Củ Chi', N'TPHCM', '0743477397')
INSERT dbo.KHACHHANG(MaKH, Ho, Ten, NgSinh, SoNha, Duong, Phuong, Quan, Tpho, DienThoai) VALUES (N'KH220622', N'Tăng', N'Mẫn', '1991-07-15', '445', N'Phan Chu Chinh', N'11', N'5', N'TPHCM', '0862444278')
INSERT dbo.KHACHHANG(MaKH, Ho, Ten, NgSinh, SoNha, Duong, Phuong, Quan, Tpho, DienThoai) VALUES (N'KH969020', N'Khưu', N'Nghị', '1981-08-09', '4/83', N'Ký Con	', N'Cầu Kho', N'3', N'TPHCM', '0683116849')
INSERT dbo.KHACHHANG(MaKH, Ho, Ten, NgSinh, SoNha, Duong, Phuong, Quan, Tpho, DienThoai) VALUES (N'KH296191', N'Mạc', N'Duy', '1990-04-23', '8/15', N'Vỗ Văn Tần', N'8', N'Hai Bà Trưng', N'TPHCM', '0478362224')
INSERT dbo.KHACHHANG(MaKH, Ho, Ten, NgSinh, SoNha, Duong, Phuong, Quan, Tpho, DienThoai) VALUES (N'KH363677', N'Kim', N'Bách', '2003-01-15', '99/2', N'Hàm Nghi	', N'5', N'Mê Linh', N'TPHCM', '0422186453')
INSERT dbo.KHACHHANG(MaKH, Ho, Ten, NgSinh, SoNha, Duong, Phuong, Quan, Tpho, DienThoai) VALUES (N'KH023210', N'Ngô', N'Thi', '1974-09-08', '78/14', N'Lê Thị Hồng Gấm	', N'Hàng Bài', N'1	', N'TPHCM', '0328454478')
INSERT dbo.KHACHHANG(MaKH, Ho, Ten, NgSinh, SoNha, Duong, Phuong, Quan, Tpho, DienThoai) VALUES (N'KH934222', N'Trịnh', N'Trang', '1970-01-04', '4541', N'Sương Nguyệt Ánh', N'Hàng Mã', N'Tân Bình', N'TPHCM', '0133218791')
INSERT dbo.KHACHHANG(MaKH, Ho, Ten, NgSinh, SoNha, Duong, Phuong, Quan, Tpho, DienThoai) VALUES (N'KH878903', N'Bành', N'Tôn', '2001-11-15', '84/57', N'Huyền Quang	', N'9', N'Gò Vấp', N'TPHCM', '0316269445')
INSERT dbo.KHACHHANG(MaKH, Ho, Ten, NgSinh, SoNha, Duong, Phuong, Quan, Tpho, DienThoai) VALUES (N'KH286626', N'Mai', N'Trung', '1993-08-29', '1145', N'Bùi Thị Xuân	', N'Hàng Bông', N'Bình Tân', N'TPHCM', '0362923195')
INSERT dbo.KHACHHANG(MaKH, Ho, Ten, NgSinh, SoNha, Duong, Phuong, Quan, Tpho, DienThoai) VALUES (N'KH207772', N'La', N'Khuê', '1971-12-13', '6/62', N'Cô Bắc	', N'6', N'8', N'TPHCM', '0325773466')
INSERT dbo.KHACHHANG(MaKH, Ho, Ten, NgSinh, SoNha, Duong, Phuong, Quan, Tpho, DienThoai) VALUES (N'KH697991', N'Nhâm', N'Nhã', '1982-02-06', '9885', N'Cây Điệp	', N'Nguyễn Cư Trinh', N'Bắc Từ Liêm', N'TPHCM', '0744855543')
INSERT dbo.KHACHHANG(MaKH, Ho, Ten, NgSinh, SoNha, Duong, Phuong, Quan, Tpho, DienThoai) VALUES (N'KH431528', N'Cát', N'Khanh	', '1971-07-03', '791', N'Nguyễn Văn Cừ	', N'4', N'6', N'TPHCM', '0675485932')
INSERT dbo.KHACHHANG(MaKH, Ho, Ten, NgSinh, SoNha, Duong, Phuong, Quan, Tpho, DienThoai) VALUES (N'KH722201', N'Thạch', N'Duyên	', '1986-01-10', '42', N'Nguyễn Thị Mình Khai	', N'Lý Thái Tổ', N'Bình Chánh', N'TPHCM', '0941927932')
INSERT dbo.KHACHHANG(MaKH, Ho, Ten, NgSinh, SoNha, Duong, Phuong, Quan, Tpho, DienThoai) VALUES (N'KH914861', N'Bảo', N'Ánh', '1995-11-19', '99/71', N'Hồ Huấn Nghiệp	', N'Hàng Ðào', N'Tân Phú', N'TPHCM', '0885155515')
INSERT dbo.KHACHHANG(MaKH, Ho, Ten, NgSinh, SoNha, Duong, Phuong, Quan, Tpho, DienThoai) VALUES (N'KH612260', N'Trình', N'Kỳ', '1971-10-13', '17/64', N'Trần Khắc Chân', N'1', N'4', N'TPHCM', '0177477145')
INSERT dbo.KHACHHANG(MaKH, Ho, Ten, NgSinh, SoNha, Duong, Phuong, Quan, Tpho, DienThoai) VALUES (N'KH022157', N'Thái', N'Tín', '2001-01-16', '994', N'Nguyễn Khắc Nhu	', N'Phúc Tân', N'9', N'TPHCM', '0552589735')
INSERT dbo.KHACHHANG(MaKH, Ho, Ten, NgSinh, SoNha, Duong, Phuong, Quan, Tpho, DienThoai) VALUES (N'KH228523', N'Phạm', N'Nguyệt', '2001-04-26', '86', N'Nguyễn Bỉnh Khiêm	', N'12', N'7', N'TPHCM', '0162711966')
INSERT dbo.KHACHHANG(MaKH, Ho, Ten, NgSinh, SoNha, Duong, Phuong, Quan, Tpho, DienThoai) VALUES (N'KH192309', N'Lạc', N'Hiền', '1995-09-11', '33/49', N'Thủ Khoa Huân', N'10', N'11', N'TPHCM', '0871287484')
INSERT dbo.KHACHHANG(MaKH, Ho, Ten, NgSinh, SoNha, Duong, Phuong, Quan, Tpho, DienThoai) VALUES (N'KH655391', N'Cầm', N'Trâm', '1990-06-10', '8747', N'Điện Biên Phủ	', N'Cầu Ông Lãnh', N'Thanh Trì', N'TPHCM', '0115383476')
INSERT dbo.KHACHHANG(MaKH, Ho, Ten, NgSinh, SoNha, Duong, Phuong, Quan, Tpho, DienThoai) VALUES (N'KH311583', N'Đoàn', N'Kỳ', '1975-11-14', '9528', N'Cống Quỳnh	', N'2', N'Hoàng Mai', N'TPHCM', '0746187653')
INSERT dbo.KHACHHANG(MaKH, Ho, Ten, NgSinh, SoNha, Duong, Phuong, Quan, Tpho, DienThoai) VALUES (N'KH631443', N'Bửu', N'Hùng', '1996-01-20', '1465', N'Huỳnh Thúc Kháng	', N'Bến Nghé', N'Đông Anh', N'TPHCM', '0161646285')
INSERT dbo.KHACHHANG(MaKH, Ho, Ten, NgSinh, SoNha, Duong, Phuong, Quan, Tpho, DienThoai) VALUES (N'KH482271', N'Trưng', N'Ngọc', '1998-05-13', '28/86', N'Cao Bá Nhạ	', N'Nguyễn Thái Bình', N'Cần Giờ', N'TPHCM', '0345556137')
INSERT dbo.KHACHHANG(MaKH, Ho, Ten, NgSinh, SoNha, Duong, Phuong, Quan, Tpho, DienThoai) VALUES (N'KH935817', N'Dương', N'Tùng', '2002-11-10', '722', N'Hồ Tùng Mậu	', N'Trần Hưng Ðạo', N'Tây Hồ', N'TPHCM', '0291323443')
INSERT dbo.KHACHHANG(MaKH, Ho, Ten, NgSinh, SoNha, Duong, Phuong, Quan, Tpho, DienThoai) VALUES (N'KH612558', N'Hoàng', N'Nga', '2000-12-14', '31', N'Trần Khánh Dư', N'3', N'Gia Lâm', N'TPHCM', '0757343127')
INSERT dbo.KHACHHANG(MaKH, Ho, Ten, NgSinh, SoNha, Duong, Phuong, Quan, Tpho, DienThoai) VALUES (N'KH288576', N'Thân', N'Khôi', '1991-08-01', '233', N'Nguyễn Hậu	', N'7', N'Thủ Đức', N'TPHCM', '0221296699')
INSERT dbo.KHACHHANG(MaKH, Ho, Ten, NgSinh, SoNha, Duong, Phuong, Quan, Tpho, DienThoai) VALUES (N'KH636629', N'Chử', N'Hoàng', '1970-02-13', '1885', N'Nguyễn Cửu Vân	', N'Cô Giang', N'Ba Vì', N'TPHCM', '0417919942')
INSERT dbo.KHACHHANG(MaKH, Ho, Ten, NgSinh, SoNha, Duong, Phuong, Quan, Tpho, DienThoai) VALUES (N'KH263911', N'Đồng', N'Hân', '1983-07-03', '998', N'Phan Văn Trường', N'Tràng Tiền', N'Tân Bình', N'TPHCM', '0816762459')
INSERT dbo.KHACHHANG(MaKH, Ho, Ten, NgSinh, SoNha, Duong, Phuong, Quan, Tpho, DienThoai) VALUES (N'KH499596', N'Lý', N'Khang', '1986-02-11', '313', N'Pastuer	', N'11', N'Hoàn Kiếm', N'TPHCM', '0113383669')
GO

--
-- Inserting data into table dbo.SANPHAM
--
INSERT dbo.SANPHAM(MaSP, TenSP, SoLuongTon, Mota, Gia) VALUES (N'SP330354', N'Bột nêm_326', 763, N'', 336537.4416)
INSERT dbo.SANPHAM(MaSP, TenSP, SoLuongTon, Mota, Gia) VALUES (N'SP785951', N'Mộc nhĩ_727', 569, N'', 6090260.5651)
INSERT dbo.SANPHAM(MaSP, TenSP, SoLuongTon, Mota, Gia) VALUES (N'SP488455', N'Dĩa_862', 614, N'', 7057244.7912)
INSERT dbo.SANPHAM(MaSP, TenSP, SoLuongTon, Mota, Gia) VALUES (N'SP627354', N'Kệ_177', 301, N'Sản phẩm chất lượng tốt', 3385990.3745)
INSERT dbo.SANPHAM(MaSP, TenSP, SoLuongTon, Mota, Gia) VALUES (N'SP787524', N'Bia_938', 44, N'Sản phẩm theo nhu cầu', 7027229.0039)
INSERT dbo.SANPHAM(MaSP, TenSP, SoLuongTon, Mota, Gia) VALUES (N'SP922240', N'Kéo_289', 436, N'Sản phẩm phù hợp cho sinh viên', 7392043.281)
INSERT dbo.SANPHAM(MaSP, TenSP, SoLuongTon, Mota, Gia) VALUES (N'SP775064', N'Sữa bột_176', 416, N'Sản phẩm theo thị trường', 9636097.8351)
INSERT dbo.SANPHAM(MaSP, TenSP, SoLuongTon, Mota, Gia) VALUES (N'SP047212', N'Vớ_668', 917, N'Sản phẩm tiện lợi', 5265790.6592)
INSERT dbo.SANPHAM(MaSP, TenSP, SoLuongTon, Mota, Gia) VALUES (N'SP107064', N'Bột canh_814', 710, N'Sản phẩm bán chạy', 8197473.1269)
INSERT dbo.SANPHAM(MaSP, TenSP, SoLuongTon, Mota, Gia) VALUES (N'SP924963', N'Bút mực_257', 707, N'Sản phẩm chất lượng cao', 5358855.5335)
INSERT dbo.SANPHAM(MaSP, TenSP, SoLuongTon, Mota, Gia) VALUES (N'SP432521', N'Bột nêm_432', 546, N'', 6164530.9073)
INSERT dbo.SANPHAM(MaSP, TenSP, SoLuongTon, Mota, Gia) VALUES (N'SP353587', N'Máy lạnh_905', 252, N'', 291935.8916)
INSERT dbo.SANPHAM(MaSP, TenSP, SoLuongTon, Mota, Gia) VALUES (N'SP711938', N'Xịt khoáng_320', 420, N'', 2981599.2758)
INSERT dbo.SANPHAM(MaSP, TenSP, SoLuongTon, Mota, Gia) VALUES (N'SP463899', N'Đũa_691', 612, N'Sản phẩm bán chạy', 3276251.5802)
INSERT dbo.SANPHAM(MaSP, TenSP, SoLuongTon, Mota, Gia) VALUES (N'SP916163', N'Kem nền_475', 204, N'Sản phẩm theo nhu cầu', 5089581.0343)
INSERT dbo.SANPHAM(MaSP, TenSP, SoLuongTon, Mota, Gia) VALUES (N'SP744048', N'Khoai tây_650', 801, N'Sản phẩm phù hợp cho sinh viên', 1923766.8428)
INSERT dbo.SANPHAM(MaSP, TenSP, SoLuongTon, Mota, Gia) VALUES (N'SP209435', N'Máy massage mặt_261', 864, N'Sản phẩm theo thị trường', 6230201.9143)
INSERT dbo.SANPHAM(MaSP, TenSP, SoLuongTon, Mota, Gia) VALUES (N'SP843414', N'Quần trẻ em_298', 87, N'Sản phẩm chất lượng cao', 4368079.3027)
INSERT dbo.SANPHAM(MaSP, TenSP, SoLuongTon, Mota, Gia) VALUES (N'SP944655', N'Toner VaneKaa_037', 999, N'Sản phẩm chất lượng tốt', 7408562.0756)
INSERT dbo.SANPHAM(MaSP, TenSP, SoLuongTon, Mota, Gia) VALUES (N'SP937723', N'Sữa chua_228', 760, N'Sản phẩm tiện lợi', 9257712.4597)
INSERT dbo.SANPHAM(MaSP, TenSP, SoLuongTon, Mota, Gia) VALUES (N'SP611474', N'Máy quạt_940', 331, N'', 6036133.6141)
INSERT dbo.SANPHAM(MaSP, TenSP, SoLuongTon, Mota, Gia) VALUES (N'SP211848', N'Ớt_977', 908, N'', 6831998.0174)
INSERT dbo.SANPHAM(MaSP, TenSP, SoLuongTon, Mota, Gia) VALUES (N'SP766478', N'Rượu_207', 78, N'', 2407634.7369)
INSERT dbo.SANPHAM(MaSP, TenSP, SoLuongTon, Mota, Gia) VALUES (N'SP443504', N'Kem đánh răng than tre_891', 732, N'Sản phẩm chất lượng tốt', 9325823.4744)
INSERT dbo.SANPHAM(MaSP, TenSP, SoLuongTon, Mota, Gia) VALUES (N'SP746553', N'Giày_407', 859, N'Sản phẩm phù hợp cho sinh viên', 4889614.666)
INSERT dbo.SANPHAM(MaSP, TenSP, SoLuongTon, Mota, Gia) VALUES (N'SP192718', N'Bánh_813', 380, N'Sản phẩm theo thị trường', 6802630.7098)
INSERT dbo.SANPHAM(MaSP, TenSP, SoLuongTon, Mota, Gia) VALUES (N'SP014513', N'Muỗng_845', 842, N'Sản phẩm theo nhu cầu', 5714689.4732)
INSERT dbo.SANPHAM(MaSP, TenSP, SoLuongTon, Mota, Gia) VALUES (N'SP872245', N'Sữa tắm_515', 460, N'Sản phẩm bán chạy', 1798194.0279)
INSERT dbo.SANPHAM(MaSP, TenSP, SoLuongTon, Mota, Gia) VALUES (N'SP834857', N'Dao_120', 992, N'Sản phẩm tiện lợi', 7135012.1158)
INSERT dbo.SANPHAM(MaSP, TenSP, SoLuongTon, Mota, Gia) VALUES (N'SP094868', N'Máy massage mặt_531', 836, N'Sản phẩm chất lượng cao', 3680379.5943)
INSERT dbo.SANPHAM(MaSP, TenSP, SoLuongTon, Mota, Gia) VALUES (N'SP336149', N'Bút chì_212', 220, N'', 1839994.7663)
INSERT dbo.SANPHAM(MaSP, TenSP, SoLuongTon, Mota, Gia) VALUES (N'SP231443', N'Quần trẻ em_885', 437, N'', 968623.9573)
INSERT dbo.SANPHAM(MaSP, TenSP, SoLuongTon, Mota, Gia) VALUES (N'SP671732', N'Thịt bò khô_013', 1, N'', 2175585.5112)
INSERT dbo.SANPHAM(MaSP, TenSP, SoLuongTon, Mota, Gia) VALUES (N'SP366483', N'Mặt nạ vàng 24K_354', 118, N'Sản phẩm chất lượng tốt', 9402420.4776)
INSERT dbo.SANPHAM(MaSP, TenSP, SoLuongTon, Mota, Gia) VALUES (N'SP723282', N'Giày_610', 316, N'Sản phẩm bán chạy', 8952970.6)
INSERT dbo.SANPHAM(MaSP, TenSP, SoLuongTon, Mota, Gia) VALUES (N'SP940472', N'Đường_250', 719, N'Sản phẩm chất lượng cao', 8786541.7185)
INSERT dbo.SANPHAM(MaSP, TenSP, SoLuongTon, Mota, Gia) VALUES (N'SP024286', N'Đũa_278', 457, N'Sản phẩm tiện lợi', 2909436.717)
INSERT dbo.SANPHAM(MaSP, TenSP, SoLuongTon, Mota, Gia) VALUES (N'SP856775', N'Trà khô_593', 826, N'Sản phẩm theo nhu cầu', 8888368.079)
INSERT dbo.SANPHAM(MaSP, TenSP, SoLuongTon, Mota, Gia) VALUES (N'SP374529', N'Mực khô_593', 492, N'Sản phẩm phù hợp cho sinh viên', 5680878.1385)
INSERT dbo.SANPHAM(MaSP, TenSP, SoLuongTon, Mota, Gia) VALUES (N'SP877826', N'Toner VaneKaa_311', 33, N'Sản phẩm theo thị trường', 7869308.443)
INSERT dbo.SANPHAM(MaSP, TenSP, SoLuongTon, Mota, Gia) VALUES (N'SP016949', N'Son 3 màu_242', 979, N'', 7773729.3612)
INSERT dbo.SANPHAM(MaSP, TenSP, SoLuongTon, Mota, Gia) VALUES (N'SP332276', N'Phở_010', 921, N'', 394555.9669)
INSERT dbo.SANPHAM(MaSP, TenSP, SoLuongTon, Mota, Gia) VALUES (N'SP468362', N'Nước lau nhà_821', 927, N'', 6159514.506)
INSERT dbo.SANPHAM(MaSP, TenSP, SoLuongTon, Mota, Gia) VALUES (N'SP746515', N'Xà phòng_305', 338, N'Sản phẩm tiện lợi', 4731255.5281)
INSERT dbo.SANPHAM(MaSP, TenSP, SoLuongTon, Mota, Gia) VALUES (N'SP375309', N'Toner VaneKaa_617', 1, N'Sản phẩm theo thị trường', 1019617.1955)
INSERT dbo.SANPHAM(MaSP, TenSP, SoLuongTon, Mota, Gia) VALUES (N'SP272630', N'Máy lạnh_473', 333, N'Sản phẩm bán chạy', 7104429.2387)
INSERT dbo.SANPHAM(MaSP, TenSP, SoLuongTon, Mota, Gia) VALUES (N'SP526178', N'Máy phun sương_558', 970, N'Sản phẩm phù hợp cho sinh viên', 3650978.9345)
INSERT dbo.SANPHAM(MaSP, TenSP, SoLuongTon, Mota, Gia) VALUES (N'SP314955', N'Mặt nạ vàng 24K_946', 312, N'Sản phẩm chất lượng cao', 5666935.2618)
INSERT dbo.SANPHAM(MaSP, TenSP, SoLuongTon, Mota, Gia) VALUES (N'SP621150', N'Dầu rửa chén_444', 847, N'Sản phẩm chất lượng tốt', 2214937.1739)
INSERT dbo.SANPHAM(MaSP, TenSP, SoLuongTon, Mota, Gia) VALUES (N'SP305022', N'Quần nam_292', 874, N'Sản phẩm theo nhu cầu', 1183941.772)
GO

--
-- Inserting data into table dbo.HOADON
--
INSERT dbo.HOADON(MaHD, MaKH, NgayLap, TongTien) VALUES (N'HD227549', 'KH220622', '2020-11-10', 8375657.9626)
INSERT dbo.HOADON(MaHD, MaKH, NgayLap, TongTien) VALUES (N'HD919151', 'KH195747', '2021-03-04', NULL)
INSERT dbo.HOADON(MaHD, MaKH, NgayLap, TongTien) VALUES (N'HD237879', 'KH963012', '2020-05-25', 2101128.5346)
INSERT dbo.HOADON(MaHD, MaKH, NgayLap, TongTien) VALUES (N'HD127586', 'KH023210', '2021-03-18', 9317165.0082)
INSERT dbo.HOADON(MaHD, MaKH, NgayLap, TongTien) VALUES (N'HD604820', 'KH431528', '2021-04-20', 8268911.0444)
INSERT dbo.HOADON(MaHD, MaKH, NgayLap, TongTien) VALUES (N'HD493854', 'KH327864', '2021-05-12', NULL)
INSERT dbo.HOADON(MaHD, MaKH, NgayLap, TongTien) VALUES (N'HD930672', 'KH448640', '2021-03-27', 9066973.7916)
INSERT dbo.HOADON(MaHD, MaKH, NgayLap, TongTien) VALUES (N'HD833950', 'KH228523', '2021-01-21', 3072343.527)
INSERT dbo.HOADON(MaHD, MaKH, NgayLap, TongTien) VALUES (N'HD037342', 'KH071524', '2020-05-03', 3232351.2531)
INSERT dbo.HOADON(MaHD, MaKH, NgayLap, TongTien) VALUES (N'HD932138', 'KH358039', '2021-01-25', 9978129.0652)
INSERT dbo.HOADON(MaHD, MaKH, NgayLap, TongTien) VALUES (N'HD695026', 'KH746538', '2020-12-17', 73111.2206)
INSERT dbo.HOADON(MaHD, MaKH, NgayLap, TongTien) VALUES (N'HD469211', 'KH939275', '2020-08-09', 3422771.7442)
INSERT dbo.HOADON(MaHD, MaKH, NgayLap, TongTien) VALUES (N'HD406010', 'KH286626', '2020-06-14', NULL)
INSERT dbo.HOADON(MaHD, MaKH, NgayLap, TongTien) VALUES (N'HD893265', 'KH363677', '2020-06-23', 5072136.9562)
INSERT dbo.HOADON(MaHD, MaKH, NgayLap, TongTien) VALUES (N'HD668663', 'KH934222', '2021-02-24', 2581159.4314)
INSERT dbo.HOADON(MaHD, MaKH, NgayLap, TongTien) VALUES (N'HD192273', 'KH697991', '2021-02-12', 9022248.7031)
INSERT dbo.HOADON(MaHD, MaKH, NgayLap, TongTien) VALUES (N'HD827129', 'KH296191', '2020-07-18', 5836701.1216)
INSERT dbo.HOADON(MaHD, MaKH, NgayLap, TongTien) VALUES (N'HD558537', 'KH022157', '2021-04-11', 9319423.7978)
INSERT dbo.HOADON(MaHD, MaKH, NgayLap, TongTien) VALUES (N'HD222579', 'KH697991', '2021-05-25', 6815154.1394)
INSERT dbo.HOADON(MaHD, MaKH, NgayLap, TongTien) VALUES (N'HD665771', 'KH448640', '2021-01-20', 7779045.4269)
INSERT dbo.HOADON(MaHD, MaKH, NgayLap, TongTien) VALUES (N'HD631341', 'KH023210', '2021-06-20', 9430916.3519)
INSERT dbo.HOADON(MaHD, MaKH, NgayLap, TongTien) VALUES (N'HD179849', 'KH601692', '2020-07-05', 7398530.0458)
INSERT dbo.HOADON(MaHD, MaKH, NgayLap, TongTien) VALUES (N'HD980866', 'KH914861', '2020-05-07', 8004643.9058)
INSERT dbo.HOADON(MaHD, MaKH, NgayLap, TongTien) VALUES (N'HD449464', 'KH288576', '2021-04-15', 7743940.6166)
INSERT dbo.HOADON(MaHD, MaKH, NgayLap, TongTien) VALUES (N'HD140893', 'KH631443', '2021-03-05', NULL)
INSERT dbo.HOADON(MaHD, MaKH, NgayLap, TongTien) VALUES (N'HD526700', 'KH296191', '2021-01-11', NULL)
INSERT dbo.HOADON(MaHD, MaKH, NgayLap, TongTien) VALUES (N'HD619375', 'KH655391', '2020-07-21', 4349641.4877)
INSERT dbo.HOADON(MaHD, MaKH, NgayLap, TongTien) VALUES (N'HD619554', 'KH833677', '2020-05-12', 9126488.0003)
INSERT dbo.HOADON(MaHD, MaKH, NgayLap, TongTien) VALUES (N'HD569346', 'KH833677', '2021-04-28', 9385526.4938)
INSERT dbo.HOADON(MaHD, MaKH, NgayLap, TongTien) VALUES (N'HD047106', 'KH071524', '2021-04-14', 8088089.0341)
INSERT dbo.HOADON(MaHD, MaKH, NgayLap, TongTien) VALUES (N'HD055543', 'KH807307', '2021-05-29', 7253648.1477)
INSERT dbo.HOADON(MaHD, MaKH, NgayLap, TongTien) VALUES (N'HD681965', 'KH195747', '2020-08-31', 4347891.0026)
INSERT dbo.HOADON(MaHD, MaKH, NgayLap, TongTien) VALUES (N'HD098587', 'KH697991', '2020-05-29', 7936528.6633)
INSERT dbo.HOADON(MaHD, MaKH, NgayLap, TongTien) VALUES (N'HD976455', 'KH722201', '2020-08-04', 4564558.7769)
INSERT dbo.HOADON(MaHD, MaKH, NgayLap, TongTien) VALUES (N'HD100200', 'KH482271', '2020-05-14', 7238738.3535)
INSERT dbo.HOADON(MaHD, MaKH, NgayLap, TongTien) VALUES (N'HD502205', 'KH513439', '2020-10-30', 2649215.2874)
INSERT dbo.HOADON(MaHD, MaKH, NgayLap, TongTien) VALUES (N'HD499115', 'KH228523', '2020-09-08', 6232829.7162)
INSERT dbo.HOADON(MaHD, MaKH, NgayLap, TongTien) VALUES (N'HD720369', 'KH263911', '2020-12-10', 3700297.421)
INSERT dbo.HOADON(MaHD, MaKH, NgayLap, TongTien) VALUES (N'HD043156', 'KH636629', '2020-05-02', 8703492.4285)
INSERT dbo.HOADON(MaHD, MaKH, NgayLap, TongTien) VALUES (N'HD027993', 'KH513439', '2021-02-09', 8188627.2469)
INSERT dbo.HOADON(MaHD, MaKH, NgayLap, TongTien) VALUES (N'HD054494', 'KH946298', '2020-05-17', 3709753.6147)
INSERT dbo.HOADON(MaHD, MaKH, NgayLap, TongTien) VALUES (N'HD564768', 'KH363677', '2021-03-25', 6202524.224)
INSERT dbo.HOADON(MaHD, MaKH, NgayLap, TongTien) VALUES (N'HD732277', 'KH579153', '2021-06-28', 4599179.3966)
INSERT dbo.HOADON(MaHD, MaKH, NgayLap, TongTien) VALUES (N'HD574710', 'KH192309', '2020-05-26', 1607555.5154)
INSERT dbo.HOADON(MaHD, MaKH, NgayLap, TongTien) VALUES (N'HD652661', 'KH807307', '2020-05-17', NULL)
INSERT dbo.HOADON(MaHD, MaKH, NgayLap, TongTien) VALUES (N'HD613762', 'KH022157', '2020-07-01', 7309650.2276)
INSERT dbo.HOADON(MaHD, MaKH, NgayLap, TongTien) VALUES (N'HD216345', 'KH263911', '2020-08-09', 3578253.2457)
INSERT dbo.HOADON(MaHD, MaKH, NgayLap, TongTien) VALUES (N'HD582478', 'KH655391', '2020-07-23', 5927281.08)
INSERT dbo.HOADON(MaHD, MaKH, NgayLap, TongTien) VALUES (N'HD032541', 'KH278687', '2020-11-11', 2569245.52)
INSERT dbo.HOADON(MaHD, MaKH, NgayLap, TongTien) VALUES (N'HD088068', 'KH000808', '2021-02-01', 5830265.4423)
GO

--
-- Inserting data into table dbo.CTHOADON
--
INSERT dbo.CTHOADON(MaHD, MaSP, SoLuong, GiaBan, GiaGiam, ThanhTien) VALUES (N'HD216345', N'SP526178', 432, 725097.6673, 168855.2341, 2831890.6673)
INSERT dbo.CTHOADON(MaHD, MaSP, SoLuong, GiaBan, GiaGiam, ThanhTien) VALUES (N'HD037342', N'SP107064', 320, 767612.8249, 397067.8968, 249495.8249)
INSERT dbo.CTHOADON(MaHD, MaSP, SoLuong, GiaBan, GiaGiam, ThanhTien) VALUES (N'HD558537', N'SP843414', 70, 824325.5014, 77657.2225, 5693972.5014)
INSERT dbo.CTHOADON(MaHD, MaSP, SoLuong, GiaBan, GiaGiam, ThanhTien) VALUES (N'HD127586', N'SP627354', 856, 814700.8406, 495436.7293, 2353123.8406)
INSERT dbo.CTHOADON(MaHD, MaSP, SoLuong, GiaBan, GiaGiam, ThanhTien) VALUES (N'HD619554', N'SP872245', 817, 725097.6673, 168855.2341, 9046418.5585)
INSERT dbo.CTHOADON(MaHD, MaSP, SoLuong, GiaBan, GiaGiam, ThanhTien) VALUES (N'HD088068', N'SP305022', 871, 533274.5585, 323763.1763, 6679795.0114)
INSERT dbo.CTHOADON(MaHD, MaSP, SoLuong, GiaBan, GiaGiam, ThanhTien) VALUES (N'HD652661', N'SP375309', 332, 860675.0114, 467099.9813, 2030586.8497)
INSERT dbo.CTHOADON(MaHD, MaSP, SoLuong, GiaBan, GiaGiam, ThanhTien) VALUES (N'HD582478', N'SP314955', 180, 767612.8249, 397067.8968, 7926331.9404)
INSERT dbo.CTHOADON(MaHD, MaSP, SoLuong, GiaBan, GiaGiam, ThanhTien) VALUES (N'HD613762', N'SP272630', 63, 953349.8497, 120253.8613, 6888392.0614)
INSERT dbo.CTHOADON(MaHD, MaSP, SoLuong, GiaBan, GiaGiam, ThanhTien) VALUES (N'HD980866', N'SP766478', 663, 832456.9404, 25518.3474, 1277467.541)
INSERT dbo.CTHOADON(MaHD, MaSP, SoLuong, GiaBan, GiaGiam, ThanhTien) VALUES (N'HD406010', N'SP711938', 200, 547072.0614, 2864.9095, 5205250.1297)
INSERT dbo.CTHOADON(MaHD, MaSP, SoLuong, GiaBan, GiaGiam, ThanhTien) VALUES (N'HD222579', N'SP944655', 4, 631011.541, 337448.4863, 1739195.7717)
INSERT dbo.CTHOADON(MaHD, MaSP, SoLuong, GiaBan, GiaGiam, ThanhTien) VALUES (N'HD564768', N'SP332276', 719, 824325.5014, 77657.2225, 2232192.9913)
INSERT dbo.CTHOADON(MaHD, MaSP, SoLuong, GiaBan, GiaGiam, ThanhTien) VALUES (N'HD893265', N'SP463899', 313, 571596.1297, 12077.0969, 4071029.3046)
INSERT dbo.CTHOADON(MaHD, MaSP, SoLuong, GiaBan, GiaGiam, ThanhTien) VALUES (N'HD665771', N'SP937723', 422, 814700.8406, 495436.7293, 3140227.4112)
INSERT dbo.CTHOADON(MaHD, MaSP, SoLuong, GiaBan, GiaGiam, ThanhTien) VALUES (N'HD032541', N'SP621150', 900, 533274.5585, 323763.1763, 8075522.7998)
INSERT dbo.CTHOADON(MaHD, MaSP, SoLuong, GiaBan, GiaGiam, ThanhTien) VALUES (N'HD668663', N'SP916163', 98, 857317.7717, 274340.7953, 5930593.813)
INSERT dbo.CTHOADON(MaHD, MaSP, SoLuong, GiaBan, GiaGiam, ThanhTien) VALUES (N'HD499115', N'SP024286', 688, 860675.0114, 467099.9813, 2795411.5216)
INSERT dbo.CTHOADON(MaHD, MaSP, SoLuong, GiaBan, GiaGiam, ThanhTien) VALUES (N'HD732277', N'SP468362', 190, 953349.8497, 120253.8613, 1794034.998)
INSERT dbo.CTHOADON(MaHD, MaSP, SoLuong, GiaBan, GiaGiam, ThanhTien) VALUES (N'HD631341', N'SP611474', 616, 591592.9913, 51802.3464, 1815199.3822)
INSERT dbo.CTHOADON(MaHD, MaSP, SoLuong, GiaBan, GiaGiam, ThanhTien) VALUES (N'HD569346', N'SP834857', 516, 832456.9404, 25518.3474, 534436.2769)
INSERT dbo.CTHOADON(MaHD, MaSP, SoLuong, GiaBan, GiaGiam, ThanhTien) VALUES (N'HD720369', N'SP856775', 664, 547072.0614, 2864.9095, 6501114.8491)
INSERT dbo.CTHOADON(MaHD, MaSP, SoLuong, GiaBan, GiaGiam, ThanhTien) VALUES (N'HD932138', N'SP924963', 38, 620133.3046, 256602.1121, 8492419.8393)
INSERT dbo.CTHOADON(MaHD, MaSP, SoLuong, GiaBan, GiaGiam, ThanhTien) VALUES (N'HD192273', N'SP744048', 312, 631011.541, 337448.4863, 8940984.0422)
INSERT dbo.CTHOADON(MaHD, MaSP, SoLuong, GiaBan, GiaGiam, ThanhTien) VALUES (N'HD604820', N'SP787524', 607, 571596.1297, 12077.0969, 4048626.7175)
INSERT dbo.CTHOADON(MaHD, MaSP, SoLuong, GiaBan, GiaGiam, ThanhTien) VALUES (N'HD695026', N'SP432521', 395, 898479.4112, 78079.9825, 4372770.0603)
INSERT dbo.CTHOADON(MaHD, MaSP, SoLuong, GiaBan, GiaGiam, ThanhTien) VALUES (N'HD449464', N'SP443504', 87, 660173.7998, 349808.6582, 8989037.6987)
INSERT dbo.CTHOADON(MaHD, MaSP, SoLuong, GiaBan, GiaGiam, ThanhTien) VALUES (N'HD047106', N'SP094868', 920, 821410.813, 239831.0299, 6867647.5106)
INSERT dbo.CTHOADON(MaHD, MaSP, SoLuong, GiaBan, GiaGiam, ThanhTien) VALUES (N'HD140893', N'SP746553', 97, 857317.7717, 274340.7953, 6197234.083)
INSERT dbo.CTHOADON(MaHD, MaSP, SoLuong, GiaBan, GiaGiam, ThanhTien) VALUES (N'HD179849', N'SP211848', 538, 814517.5216, 401399.3487, 1383987.5632)
INSERT dbo.CTHOADON(MaHD, MaSP, SoLuong, GiaBan, GiaGiam, ThanhTien) VALUES (N'HD574710', N'SP746515', 907, 591592.9913, 51802.3464, 5943192.3407)
INSERT dbo.CTHOADON(MaHD, MaSP, SoLuong, GiaBan, GiaGiam, ThanhTien) VALUES (N'HD493854', N'SP922240', 588, 669510.998, 204407.0038, 1942638.2848)
INSERT dbo.CTHOADON(MaHD, MaSP, SoLuong, GiaBan, GiaGiam, ThanhTien) VALUES (N'HD055543', N'SP336149', 905, 523021.3822, 280742.8421, 3352073.9192)
INSERT dbo.CTHOADON(MaHD, MaSP, SoLuong, GiaBan, GiaGiam, ThanhTien) VALUES (N'HD043156', N'SP374529', 838, 620133.3046, 256602.1121, 1046758.8564)
INSERT dbo.CTHOADON(MaHD, MaSP, SoLuong, GiaBan, GiaGiam, ThanhTien) VALUES (N'HD526700', N'SP192718', 899, 567422.2769, 494869.4944, 1396718.293)
INSERT dbo.CTHOADON(MaHD, MaSP, SoLuong, GiaBan, GiaGiam, ThanhTien) VALUES (N'HD681965', N'SP231443', 747, 898479.4112, 78079.9825, 8880084.619)
INSERT dbo.CTHOADON(MaHD, MaSP, SoLuong, GiaBan, GiaGiam, ThanhTien) VALUES (N'HD827129', N'SP209435', 965, 660173.7998, 349808.6582, 5880587.009)
INSERT dbo.CTHOADON(MaHD, MaSP, SoLuong, GiaBan, GiaGiam, ThanhTien) VALUES (N'HD469211', N'SP353587', 485, 821410.813, 239831.0299, 4617773.5053)
INSERT dbo.CTHOADON(MaHD, MaSP, SoLuong, GiaBan, GiaGiam, ThanhTien) VALUES (N'HD227549', N'SP330354', 735, 814517.5216, 401399.3487, 1110496.4092)
INSERT dbo.CTHOADON(MaHD, MaSP, SoLuong, GiaBan, GiaGiam, ThanhTien) VALUES (N'HD976455', N'SP366483', 6, 669510.998, 204407.0038, 6934201.4313)
INSERT dbo.CTHOADON(MaHD, MaSP, SoLuong, GiaBan, GiaGiam, ThanhTien) VALUES (N'HD027993', N'SP877826', 816, 523021.3822, 280742.8421, 2868163.8715)
INSERT dbo.CTHOADON(MaHD, MaSP, SoLuong, GiaBan, GiaGiam, ThanhTien) VALUES (N'HD619375', N'SP014513', 52, 567422.2769, 494869.4944, 6788746.0209)
INSERT dbo.CTHOADON(MaHD, MaSP, SoLuong, GiaBan, GiaGiam, ThanhTien) VALUES (N'HD098587', N'SP671732', 597, 684912.8491, 65281.1181, 1510820.1798)
INSERT dbo.CTHOADON(MaHD, MaSP, SoLuong, GiaBan, GiaGiam, ThanhTien) VALUES (N'HD930672', N'SP775064', 195, 591830.8393, 29662.4777, 7232397.0517)
INSERT dbo.CTHOADON(MaHD, MaSP, SoLuong, GiaBan, GiaGiam, ThanhTien) VALUES (N'HD100200', N'SP723282', 206, 719556.0422, 399140.3275, 3898352.955)
INSERT dbo.CTHOADON(MaHD, MaSP, SoLuong, GiaBan, GiaGiam, ThanhTien) VALUES (N'HD054494', N'SP016949', 1, 684912.8491, 65281.1181, 4068055.4224)
INSERT dbo.CTHOADON(MaHD, MaSP, SoLuong, GiaBan, GiaGiam, ThanhTien) VALUES (N'HD502205', N'SP940472', 808, 591830.8393, 29662.4777, 4641009.5086)
INSERT dbo.CTHOADON(MaHD, MaSP, SoLuong, GiaBan, GiaGiam, ThanhTien) VALUES (N'HD919151', N'SP785951', 688, 705675.7175, 443811.5213, 1554815.0906)
INSERT dbo.CTHOADON(MaHD, MaSP, SoLuong, GiaBan, GiaGiam, ThanhTien) VALUES (N'HD833950', N'SP047212', 269, 719556.0422, 399140.3275, 1509453.6606)
INSERT dbo.CTHOADON(MaHD, MaSP, SoLuong, GiaBan, GiaGiam, ThanhTien) VALUES (N'HD237879', N'SP488455', 558, 750714.0603, 249930.6485, 8758273.502)
GO

--
-- Set NOEXEC to off
--

SET NOEXEC OFF
GO